name,impact,effort,score,rationale
One-Click Checkout,0.85,0.425,2.0,"High reach; Revenue impact; Scored using RICE

LLM Analysis: The One-Click Checkout feature has a high impact score of 0.85, indicating significant potential to enhance user experience and increase conversion rates. However, the relatively low effort score of 0.42 suggests that the implementation can be achieved with manageable resources. Prioritizing this feature makes sense as it balances substantial business value with a reasonable investment of effort, allowing for quick wins in customer satisfaction and sales efficiency."
Performance Optimization,0.75,0.425,1.765,"High reach; Risk reduction; Scored using RICE

LLM Analysis: The performance optimization feature has a high impact score of 0.75, indicating significant potential to enhance user experience and operational efficiency, which can lead to increased customer satisfaction and retention. However, the relatively low effort score of 0.42 suggests that the implementation will require minimal resources, making it a cost-effective investment. Prioritizing this feature allows us to maximize business value with limited resource expenditure, ensuring a strong return on investment."
Social Media Login,0.6,0.325,1.615,"High reach; Scored using RICE

LLM Analysis: The Social Media Login feature has a priority score of 1.61, indicating a favorable balance between its moderate impact score of 0.60 and low effort score of 0.33. This suggests that implementing the feature will enhance user experience and potentially increase user acquisition with minimal resource investment, making it a strategic priority. However, the trade-off lies in ensuring that the integration aligns with our overall security and privacy standards while maximizing the feature's adoption potential."
API Rate Limiting,0.35,0.175,1.25,"Risk reduction; Scored using RICE

LLM Analysis: The API Rate Limiting feature has a priority score of 1.25, indicating a moderate impact with relatively low effort required for implementation. This suggests that while the feature will enhance system stability and prevent abuse, the resources needed to deploy it are minimal, making it a cost-effective investment. Prioritizing this feature can lead to improved user experience and operational efficiency without significant resource allocation."
Customer Support Chat,0.55,0.45,1.069,"High reach; Scored using RICE

LLM Analysis: The priority score of 1.07 for the Customer Support Chat feature indicates a balanced approach to its implementation, with a moderate impact score of 0.55 suggesting that it will enhance customer satisfaction and retention. However, the effort score of 0.45 highlights that the resources required for development are relatively low, making it a cost-effective initiative. Prioritizing this feature can lead to improved customer engagement while minimizing resource allocation, thus maximizing overall business value."
Multi-language Support,0.55,0.425,0.971,"Revenue impact; Scored using RICE

LLM Analysis: The high priority score of 0.97 for Multi-language Support reflects its significant potential impact on expanding our user base and enhancing customer satisfaction across diverse markets. While the effort required is moderate, the substantial business value derived from increased accessibility and user engagement justifies prioritizing this feature. To maximize efficiency, we should focus on the most widely spoken languages first, ensuring a strategic rollout that balances effort with market demand."
Subscription Management,0.7,0.625,0.84,"Revenue impact; Engineering heavy; Scored using RICE

LLM Analysis: The high priority score of 0.84 for Subscription Management reflects its significant potential impact on revenue and customer retention, evidenced by an impact score of 0.70. While the effort score of 0.62 indicates a moderate level of resource investment, the trade-off is justified as enhancing subscription management can streamline operations and improve user experience, ultimately driving higher customer satisfaction and loyalty."
Pricing Optimization Engine,0.8,0.85,0.824,"High reach; Revenue impact; Engineering heavy; High complexity; Scored using RICE

LLM Analysis: The Pricing Optimization Engine has a high impact score of 0.80, indicating significant potential to enhance revenue and competitiveness through data-driven pricing strategies. However, the effort score of 0.85 suggests that implementation will require considerable resources and time. The trade-off here is between the substantial business value derived from optimized pricing and the investment needed to develop and deploy the feature, making it a strategic priority for maximizing ROI."
Mobile App MVP,0.75,0.925,0.811,"High reach; Revenue impact; Engineering heavy; Complex dependencies; High complexity; Scored using RICE

LLM Analysis: The Mobile App MVP has a high impact score of 0.75, indicating significant potential to enhance user engagement and drive revenue growth. However, the effort score of 0.93 suggests that development will require substantial resources and time. Prioritizing this feature is justified as it aligns with our strategic goal of expanding our digital presence, but we must also consider resource allocation and potential delays in other projects."
Advanced Search Engine,0.7,0.875,0.8,"High reach; Revenue impact; Engineering heavy; Complex dependencies; High complexity; Scored using RICE

LLM Analysis: The Advanced Search Engine feature has a high priority score of 0.80 due to its significant impact score of 0.70, indicating that it will greatly enhance user experience and engagement, driving potential revenue growth. However, the effort score of 0.88 suggests that implementation will require substantial resources and time, necessitating careful planning and allocation. Prioritizing this feature will ensure we capitalize on its business value while managing the associated development challenges effectively."
Real-time Notifications,0.55,0.625,0.77,"High reach; Engineering heavy; Scored using RICE

LLM Analysis: The priority score of 0.77 for Real-time Notifications reflects a balanced consideration of its moderate impact (0.55) and effort (0.62). While the feature promises to enhance user engagement and satisfaction by providing timely updates, the associated implementation effort suggests a need for careful resource allocation. Prioritizing this feature can drive significant business value, but it is crucial to streamline development processes to maximize return on investment."
AI-Powered Recommendations,0.65,0.85,0.669,"High reach; Revenue impact; Engineering heavy; High complexity; Scored using RICE

LLM Analysis: The AI-Powered Recommendations feature has a high impact score of 0.65, indicating significant potential to enhance user engagement and drive sales. However, the effort score of 0.85 suggests that implementation will require substantial resources and time. This trade-off highlights the need for a strategic approach to prioritize this feature, potentially by phasing its development to balance immediate business value with manageable resource allocation."
Data Analytics Platform,0.6,0.75,0.6,"Revenue impact; Engineering heavy; Complex dependencies; High complexity; Scored using RICE

LLM Analysis: The Data Analytics Platform has a balanced priority score of 0.60, indicating a moderate potential for business impact relative to the effort required for implementation. While the impact score suggests that the feature could significantly enhance decision-making and operational efficiency, the higher effort score highlights the need for careful resource allocation. Prioritizing this feature will enable us to leverage data-driven insights, but we must ensure that we have the necessary capabilities and support in place to manage the implementation effectively."
Third-party Integration Hub,0.65,0.825,0.591,"Revenue impact; Risk reduction; Engineering heavy; Complex dependencies; High complexity; Scored using RICE

LLM Analysis: The Third-party Integration Hub has a high impact score of 0.65, indicating significant potential to enhance user experience and expand our ecosystem by enabling seamless connectivity with external services. However, the effort score of 0.82 suggests that implementation will require substantial resources and time. This trade-off highlights the need for careful prioritization of development resources, ensuring that we balance the potential business value with the operational costs involved in delivering this feature."
Security Compliance Dashboard,0.4,0.675,0.37,"Risk reduction; Engineering heavy; High complexity; Scored using RICE

LLM Analysis: The Security Compliance Dashboard has a moderate impact score of 0.40, indicating it can provide significant value by enhancing our compliance visibility and reducing risks. However, the high effort score of 0.68 suggests that the resources required for development may outweigh the immediate benefits. Prioritizing this feature should be carefully considered against other initiatives that may offer quicker returns on investment."
